"","Time","Month","Year","predicted_RECO","Daily_NEE","Daily_RECO_temp","Daily_RECO_flux","Daily_resi_temp","Daily_EF","Total_Randunc","Daily_P"
"1",2010-08-20,8,2010,NA,8.18694166666667,8.66651021294872,8.18651,-0.479568546282051,0.927537021810218,0.398946008286775,0.147125
"2",2010-08-28,8,2010,NA,8.41874538461538,8.42310755465624,8.65941,-0.00436217004086004,0.887502256244443,0.460583953684005,0
"3",2010-08-30,8,2010,NA,7.154142,7.34432698880686,8.5257,-0.190184988806855,0.828329137863193,0.466997766971793,0
"4",2010-09-05,9,2010,NA,8.032952,7.80544895311532,7.568818,0.227503046884678,0.816283665542596,0.464812018534237,0.138354166666667
"5",2011-07-18,7,2011,NA,4.82176333333333,3.96307254845538,3.44267833333333,0.858690784877957,0.736212618887773,0.190074805967538,0.00379166666666667
"6",2011-07-19,7,2011,NA,3.900973,3.72671837942223,3.4325045,0.17425462057777,0.681985547958673,0.178975592333552,0.0275
"7",2011-07-20,7,2011,NA,3.21646210526316,3.6582370006588,3.42633052631579,-0.441774895395645,0.583340499258485,0.217042390506052,0.000208333333333333
"8",2011-07-21,7,2011,NA,3.23388933333333,3.39499970115326,3.30854533333333,-0.161110367819922,0.505910631264702,0.196095354552687,0
"9",2011-07-22,7,2011,NA,2.94528857142857,2.86681951286837,2.97847857142857,0.0784690585601986,0.455285376456019,0.193202826477362,0
"10",2011-07-23,7,2011,NA,2.6790435,2.71511650498886,2.7851315,-0.036073004988864,0.479945353845,0.184233424554581,0
"11",2011-07-24,7,2011,NA,2.61819611111111,2.71526294553178,2.71289833333333,-0.0970668344206675,0.502947565779169,0.176094853497984,0
"12",2011-07-25,7,2011,NA,2.35554888888889,2.62005974550392,2.53275166666667,-0.264510856615032,0.459174709095401,0.188280938225018,0
"13",2011-07-26,7,2011,NA,2.2782015,2.3438063082858,2.2966105,-0.0656048082857992,0.407061979837159,0.190558362702967,0.00120833333333333
"14",2011-07-27,7,2011,NA,2.336205,2.355039522422,2.3042,-0.018834522421999,0.351800984450327,0.177614754245004,0.00604166666666667
"15",2011-07-28,7,2011,3.12221383800237,3.05327,1.91824760278928,2.20567666666667,1.13502239721072,0.465321697378611,0.201068943517876,0.0025
"16",2011-07-29,7,2011,NA,1.963817,2.05909112640365,2.265719,-0.0952741264036454,0.400802475960827,0.224843265150847,0
"17",2011-07-30,7,2011,NA,1.96546681818182,2.61836387559248,2.50245772727273,-0.652897057410666,0.340009696681633,0.249451126519562,0
"18",2011-07-31,7.41666666666667,2011,NA,1.83243583333333,3.22656609035484,2.95827416666667,-1.39413025702151,0.418093918233342,0.309630051771936,0
"19",2011-08-01,8,2011,4.48379394793983,4.263076,3.01872128842006,3.104538,1.24435471157994,0.647855403303446,0.207886920021666,0.016625
"20",2011-08-02,8,2011,4.79057877475927,5.89143642857143,3.31045749189659,3.36700071428571,2.58097893667484,0.658375561875345,0.31510366129872,0.209520833333333
"21",2011-08-03,8,2011,NA,4.44976,4.14138588087481,3.72547,0.308374119125186,0.8289422474122,0.422057188276253,0.127854166666667
"22",2011-08-04,8,2011,NA,4.16013833333333,4.64441573600894,4.17313444444444,-0.484277402675608,0.767540244177033,0.430906351044,0
"23",2011-08-05,8,2011,NA,3.84631384615385,4.70940635694401,4.45319846153846,-0.863092510790162,0.71774169295785,0.461580043503735,0
"24",2011-08-06,8,2011,NA,3.45586944444444,4.4788325325177,4.60082555555556,-1.02296308807325,0.722652354798144,0.543676643071835,0
"25",2011-08-07,8,2011,5.29078215267791,5.412794,3.77598359059308,4.55685,1.63681040940692,0.682617678110582,0.486414773266275,0
"26",2011-08-09,8,2011,5.98353344051498,5.39120454545455,4.35463709413141,4.95259727272727,1.03656745132314,0.762380906691273,0.466337045727755,0.0700625
"27",2011-08-10,8,2011,NA,5.34661882352941,4.75008773880336,4.95654823529412,0.596531084726055,0.83318952996234,0.540821308947454,0.0816666666666667
"28",2011-08-11,8,2011,NA,4.7965125,4.90904805082194,4.9988325,-0.112535550821937,0.797574071470733,0.507145953720324,0.0389166666666667
"29",2011-08-12,8,2011,NA,4.85361636363636,5.06603911682513,4.88955909090909,-0.212422753188771,0.788171641095727,0.439291992931219,0.0906041666666667
"30",2011-08-13,8,2011,NA,4.32549421052632,4.90345872214982,4.70665473684211,-0.577964511623509,0.704186657165477,0.426442102346587,0.00125
"31",2011-08-14,8,2011,NA,4.33292571428571,5.4921685340394,5.14725285714286,-1.15924281975369,0.755017665908603,0.403268882245036,0.002125
"32",2011-08-15,8,2011,NA,3.85197857142857,6.52700159835715,5.76497,-2.67502302692858,0.718183315542163,0.436603920024772,0.076625
"33",2011-08-16,8,2011,7.10654197270143,6.778135,5.57690222573366,5.4816725,1.20123277426634,0.692992821059254,0.436434839845227,0.00710416666666667
"34",2011-08-19,8,2011,NA,7.058963,6.64448837414535,6.492408,0.414474625854654,0.883130365238406,0.385905512052795,0.0385833333333333
"35",2011-08-21,8,2011,NA,7.14908619047619,6.4497024533569,7.18165380952381,0.699383737119292,0.845795120826599,0.364765053419069,0.122020833333333
"36",2011-08-23,8,2011,NA,7.23784,7.14890054872916,6.14718,0.088939451270841,0.785165520295368,0.395643819731308,0
"37",2011-08-24,8,2011,NA,5.503365,8.52812159061807,5.9393675,-3.02475659061807,0.798147220370673,0.391917674706993,0.0516666666666667
"38",2011-08-25,8,2011,NA,6.5207725,6.6867057398794,5.748645,-0.165933239879405,0.776885773790456,0.226022034659317,0.339479166666667
"39",2011-08-26,8,2011,NA,7.36762833333333,7.1559922814795,6.13933277777778,0.211636051853838,0.787332120696666,0.319683876156332,0.27275
"40",2011-08-27,8,2011,NA,7.2578125,7.48808164484224,6.354385,-0.230269144842239,0.780620363850812,0.391199860864099,0.00535416666666667
"41",2011-08-28,8,2011,NA,7.80890818181818,7.68578745231592,6.42452909090909,0.123120729502261,0.856767738000379,0.435694150067041,0
"42",2011-08-31,9,2011,NA,7.26173333333333,7.45911975513253,6.79516333333333,-0.197386421799194,0.838932574433169,0.395015694025877,0.02
"43",2011-09-01,9,2011,NA,7.959474,8.16919634114496,7.132316,-0.209722341144955,0.786787522226549,0.400891045052484,0.0779583333333333
"44",2011-09-02,9,2011,NA,8.381854,7.65984460436704,7.01713,0.722009395632965,0.900059675872101,0.360271538982465,0.0804166666666667
"45",2011-09-03,9,2011,9.01499558741036,8.84213333333333,7.32305567829647,7.09849666666667,1.51907765503686,0.806453262131882,0.383398891834937,0
"46",2011-09-04,9,2011,NA,8.22860615384615,7.56447106535637,7.18264615384615,0.664135088489781,0.835474230970057,0.379501094432344,0.04075
"47",2011-09-05,9,2011,NA,7.22707769230769,7.69607115325679,7.30200846153846,-0.4689934609491,0.81787802655239,0.350894714497074,0
"48",2011-09-07,9,2011,8.58741111042138,9.34096,6.79327013767818,7.18277666666667,2.54768986232182,0.877899757342608,0.374403685142821,0.036125
"49",2011-09-08,9,2011,NA,7.46152590909091,7.08974670446483,6.89848636363636,0.371779204626082,0.786955342240349,0.40611682630995,0.0053125
"50",2011-09-09,9,2011,NA,6.35114,7.20101134016304,6.74743857142857,-0.84987134016304,0.795035505805361,0.457667627878368,0.0265625
"51",2011-09-10,9,2011,NA,5.595495,6.5377523267679,6.5406475,-0.9422573267679,0.778975977458301,0.434936383217739,0
"52",2011-09-11,9,2011,NA,5.927126875,6.10170148149858,6.350403125,-0.174574606498582,0.781025533062347,0.444613660801732,0.0206875
"53",2011-09-12,9,2011,NA,6.048492,6.48245991744532,6.371702,-0.433967917445321,0.680230832453998,0.390886077443957,0.0887083333333333
"54",2011-09-14,9,2011,NA,6.21686,6.13595075778751,5.9802625,0.0809092422124893,0.757073758095302,0.445722177693404,0.007875
"55",2011-09-15,9,2011,NA,6.16764166666667,6.22736094217764,5.873945,-0.0597192755109717,0.672304001210342,0.418862798678068,0.0322083333333333
"56",2011-09-18,9,2011,6.96948444117228,6.44763285714286,5.25761035736434,5.32666428571429,1.19002249977852,0.820388801217602,0.333660240365895,0.0137291666666667
"57",2011-09-21,9,2011,NA,4.9591225,5.19392784330308,5.01552125,-0.234805343303081,0.648905115000884,0.346103441084409,0.000770833333333333
"58",2011-09-22,9,2011,NA,4.47427916666667,5.18368213362841,4.8623825,-0.709402966961748,0.59333107275185,0.315039810051735,0.00385416666666667
"59",2011-09-24,9,2011,5.73058564890236,5.65927875,4.23252881812002,4.40398375,1.42674993187998,0.670913905343001,0.315146359481339,0.510125
"60",2011-09-26,9,2011,NA,4.236438,4.00254829475917,4.531346,0.23388970524083,0.709817905542964,0.305182978339521,0.00597916666666667
"61",2011-09-27,9,2011,NA,4.295332,3.81874176442662,4.261394,0.476590235573382,0.638685733909142,0.264571437203512,0
"62",2011-09-28,9,2011,NA,3.36967166666667,3.69204329999995,4.34729333333333,-0.322371633333282,0.479490488951653,0.276807106774701,0
"63",2011-09-29,9,2011,NA,3.10198666666667,5.2014486697044,4.24102833333333,-2.09946200303774,0.446507922847228,0.297722924920651,0.0547708333333333
"64",2011-10-01,10,2011,NA,6.50825428571429,6.43383110380843,3.80742714285714,0.0744231819058516,0.740235697120948,0.254407995266997,0.189125
"65",2011-10-04,10,2011,NA,5.57703166666667,5.53393364227936,3.611055,0.0430980243873034,0.746825181810849,0.246165544774123,0
"66",2011-10-05,10,2011,NA,5.77882,5.51243026825988,3.594254,0.266389731740125,0.775241997711351,0.248270245104772,0
"67",2011-10-12,10,2011,NA,3.67344857142857,3.46579307996551,2.81755071428571,0.207655491463057,0.673101412780379,0.206309540882382,0
"68",2011-10-13,10,2011,NA,2.68985333333333,3.578339832252,2.92639666666667,-0.888486498918664,0.591311476074732,0.186657108290948,0
"69",2011-10-16,10,2011,NA,3.237265,2.8930368810046,2.6376275,0.3442281189954,0.517592542762904,0.19224928183086,0
"70",2011-10-21,10,2011,NA,2.15238230769231,1.84693177481836,2.05958923076923,0.305450532873949,0.422722544397565,0.10022559840205,0
"71",2011-10-22,10,2011,NA,1.64683222222222,1.87854377072632,2.02581611111111,-0.231711548504099,0.403376169268619,0.148956774885561,0
"72",2011-10-24,10,2011,NA,1.954824,1.79216624872963,1.798502,0.16265775127037,0.293935654769199,0.0997942988727964,0
"73",2011-10-26,10,2011,NA,2.029915,1.78449583280025,1.7217575,0.24541916719975,0.412704216047942,0.0906617377507527,0
"74",2011-10-29,10,2011,NA,1.43063716666667,1.33022242876779,1.33260333333333,0.100414737898882,0.380212330063721,0.0815906622766091,0.00925
"75",2011-10-30,10,2011,NA,1.03562292307692,1.15907179605943,1.19217076923077,-0.123448872982509,0.289179312167001,0.0833011808566298,0
"76",2011-11-13,11,2011,NA,-0.12932085,0.925923512984295,1.13803833333333,-1.05524436298429,0.469112527362359,0.147673327314687,0
"77",2011-11-20,11,2011,NA,0.71979925,0.81428055186728,1.20376,-0.0944813018672802,0.194554310105025,0.129520244986838,0
"78",2011-11-22,11,2011,NA,0.7898198,0.79691081502689,1.233452,-0.00709101502689036,0.187429929106177,0.0422356206689784,0
"79",2011-11-25,11,2011,NA,0.720194833333333,0.727885422038872,1.14517666666667,-0.00769058870553829,0.187047989781321,0.0390119936435875,0
"80",2011-11-28,11,2011,NA,0.729737,0.664404968033928,1.05044333333333,0.065332031966072,0.179718092045523,0.0490175495019908,0
"81",2011-12-07,12,2011,NA,0.652225333333333,0.691276347968596,1.10515666666667,-0.0390510146352631,0.226201950562569,0.057768971156507,0
"82",2012-01-06,1,2012,NA,0.8378282,0.670372276751258,0.6955552,0.167455923248742,0.320598369298347,0.0343320794265237,0
"83",2012-01-07,1,2012,NA,0.5031957,0.599202629984066,0.6674539,-0.0960069299840657,0.147038184055691,0.0338342483649963,0
"84",2012-01-13,1,2012,NA,0.619550307692308,0.593277160724916,0.623811538461538,0.0262731469673916,0.157250287644874,0.0429683281558384,0
"85",2012-01-14,1,2012,NA,0.5346629,0.607885644384523,0.6125101,-0.073222744384523,0.141366716616726,0.0410206976079787,0
"86",2012-01-15,1,2012,NA,0.6080184,0.59972648982544,0.6098495,0.00829191017456044,0.210073895913733,0.0320642848161196,0
"87",2012-01-17,1,2012,NA,0.590266,0.652435123304493,0.629665,-0.0621691233044934,0.160487522015466,0.0364079807712936,0
"88",2012-01-18,1,2012,NA,0.572704545454545,0.601170300790063,0.599281090909091,-0.0284657553355175,0.156531240407024,0.0308207153337355,0
"89",2012-01-19,1,2012,NA,0.578968823529412,0.593952975257732,0.590163,-0.0149841517283207,0.15421906706228,0.0315676450458311,0
"90",2012-01-20,1,2012,NA,0.576835695652174,0.595340905684464,0.573168260869565,-0.0185052100322897,0.0985491544211504,0.0338777688757196,0
"91",2012-01-21,1,2012,NA,0.596764833333333,0.540699046912115,0.57856625,0.0560657864212182,0.116818873385012,0.0332226673561232,0
"92",2012-01-22,1,2012,NA,0.5622372,0.554226208834569,0.6141963,0.00801099116543091,0.130167298688427,0.0346028780474267,0
"93",2012-01-23,1,2012,NA,0.637688818181818,0.565946888655336,0.652637181818182,0.0717419295264825,0.151285423293981,0.0288554031813422,0
"94",2012-01-24,1,2012,NA,0.630148428571429,0.604166816147902,0.679587428571429,0.0259816124235265,0.15330419544593,0.0283831199179914,0
"95",2012-02-29,2.5,2012,NA,0.3246552,0.493363382186428,0.4634674,-0.168708182186428,0.162362644277779,0.0349450993079513,0
"96",2012-03-01,3,2012,NA,0.481874043478261,0.469188863318556,0.468728391304348,0.0126851801597048,0.110017038650009,0.0456985915304684,0
"97",2012-03-02,3,2012,NA,0.482834043478261,0.467862412476409,0.454381652173913,0.0149716310018523,0.0986243188528735,0.0392299788864138,0
"98",2012-03-03,3,2012,NA,0.4778355,0.458935225050254,0.4548068,0.0189002749497459,0.12351531735257,0.0387681579684328,0
"99",2012-03-04,3,2012,NA,0.530417588235294,0.437323068438393,0.456566647058824,0.0930945197969009,0.14847996340679,0.0449900550739246,0
"100",2012-03-07,3,2012,NA,0.346326454545455,0.535233274292371,0.499056727272727,-0.188906819746917,0.150411667868624,0.0370721641566066,0
"101",2012-03-08,3,2012,NA,0.626080444444444,0.541092602793578,0.512818333333333,0.0849878416508664,0.137070947127828,0.0361239877479827,0
"102",2012-03-09,3,2012,NA,0.472934782608696,0.540026429408841,0.533805565217391,-0.0670916468001455,0.113721916751787,0.0416677445936903,0
"103",2012-03-10,3,2012,NA,0.592419823529412,0.524829345802196,0.534480529411765,0.0675904777272157,0.140130297447928,0.0443483037282088,0
"104",2012-03-16,3,2012,NA,0.564868,0.575489776009472,0.583938375,-0.0106217760094721,0.155094230229492,0.0382353709802791,0
"105",2012-03-17,3,2012,NA,0.7336865625,0.592866653636638,0.606054,0.140819908863362,0.135414770600352,0.0337258571591475,0
"106",2012-03-18,3,2012,NA,0.614309235294118,0.672450233224184,0.633806352941176,-0.0581409979300659,0.109710639131624,0.0426716632133809,0
"107",2012-03-19,3,2012,NA,0.429112466666667,0.726908294492303,0.685411666666667,-0.297795827825636,0.141044647657503,0.0407231519951378,0
"108",2012-03-30,3,2012,NA,1.48534742857143,1.09066490735441,1.32580214285714,0.394682521217018,0.336542400819369,0.0530306285335115,0
"109",2012-03-31,3.68181818181818,2012,NA,1.18984509090909,1.23266076317102,1.28152636363636,-0.0428156722619295,0.254077476293349,0.0663043558139394,0
"110",2012-04-01,4,2012,NA,0.910494368421053,0.963322857207137,1.03117526315789,-0.0528284887860847,0.200464948355832,0.062580139543645,0
"111",2012-04-02,4,2012,NA,0.674156,0.67003304984384,0.852324,0.0041229501561596,0.274752029977892,0.0585444802327928,0
"112",2012-04-03,4,2012,NA,0.5987202,0.63459256700469,0.73918605,-0.0358723670046902,0.225513398860982,0.0633442198929118,0
"113",2012-04-04,4,2012,NA,0.524883571428571,0.527634869215402,0.604625714285714,-0.00275129778683092,0.214154002396306,0.04863468355494,0
"114",2012-04-05,4,2012,NA,0.532839411764706,0.55067240035968,0.572784,-0.0178329885949738,0.168660126257106,0.064778829946338,0
"115",2012-04-06,4,2012,NA,0.584231823529412,0.549139257073637,0.556392352941177,0.0350925664557747,0.144941278516081,0.0595631654762162,0
"116",2012-04-07,4,2012,NA,0.502549764705882,0.520954370222044,0.512138882352941,-0.0184046055161619,0.234707642917952,0.0526307500535744,0
"117",2012-04-08,4,2012,NA,0.395536454545455,0.512991385908636,0.516800272727273,-0.117454931363181,0.167012847484056,0.0444145186992695,0.018125
"118",2012-04-13,4,2012,NA,0.436483,0.463206924521436,0.498015166666667,-0.0267239245214358,0.246042805258423,0.0467726122206077,0.00197916666666667
"119",2012-04-14,4,2012,NA,0.366374,0.500484661629354,0.4866525,-0.134110661629354,0.232251718045931,0.043336618444726,0
"120",2012-04-15,4,2012,NA,0.526638933333333,0.478946863885315,0.4630314,0.0476920694480183,0.252609000625343,0.0396945626205149,0
"121",2012-04-16,4,2012,NA,0.484239666666667,0.455761337674316,0.440464583333333,0.0284783289923506,0.175937891083708,0.0380195074405409,0
"122",2012-05-12,5,2012,NA,0.303274944444444,0.313401288945096,0.236344111111111,-0.0101263445006515,0.0649540651542378,0.0410268838629865,0
"123",2012-05-14,5,2012,NA,0.2979075,0.284556382515825,0.296392125,0.0133511174841748,0.217485788568753,0.0361896481771133,0
"124",2012-05-15,5,2012,NA,0.31783389,0.313685363145964,0.301538,0.00414852685403633,0.0339909006306197,0.0339960225704282,0
"125",2012-05-16,5,2012,NA,0.3948378,0.322066084392843,0.299383285714286,0.0727717156071567,0.0629851006147374,0.0422048123888985,0
"126",2012-05-19,5,2012,NA,0.266934333333333,0.277624613920642,0.289409833333333,-0.0106902805873083,0.205448384619462,0.0593890324871193,0
"127",2012-05-20,5,2012,NA,0.291483575,0.297912997538151,0.295934083333333,-0.0064294225381511,0.0366313660417468,0.0452784996527048,0
"128",2012-05-21,5,2012,NA,0.2686625,0.283382978146751,0.27929575,-0.0147204781467513,0.196631627642884,0.0546222554819416,0
"129",2012-05-24,5,2012,NA,0.3091718,0.310493115405228,0.2901874,-0.0013213154052284,0.281903504935316,0.0295895674832802,0
"130",2012-05-25,5,2012,NA,0.233721357142857,0.293526844565754,0.298722857142857,-0.059805487422897,0.115166353496225,0.0435323578207525,0
"131",2012-05-26,5,2012,NA,0.329110285714286,0.282466777037462,0.297344714285714,0.0466435086768233,0.0977503119367164,0.0583935051508124,0
"132",2012-05-27,5,2012,NA,0.4232196,0.307317650290752,0.3159502,0.115901949709248,0.085238619672897,0.0540435584207004,0
"133",2012-05-29,5,2012,NA,0.241818555714286,0.323582457239305,0.304711571428571,-0.0817639015250194,0.152240455262987,0.038637814360541,0
"134",2012-05-30,5,2012,NA,0.386855727272727,0.326909950034875,0.309619,0.0599457772378518,0.132561245864253,0.0481733539402413,0
"135",2012-05-31,5.65,2012,NA,0.28825615,0.322183756938838,0.32347205,-0.0339276069388377,0.173761197300634,0.0416217693547074,0
"136",2012-06-01,6,2012,NA,0.350079352941176,0.334197696351,0.326824352941176,0.0158816565901769,0.193743389539534,0.0326617444069167,0
"137",2012-06-02,6,2012,NA,0.29649528,0.317203507033638,0.3268784,-0.0207082270336378,0.161087256220479,0.0312669636784185,0
"138",2012-06-03,6,2012,NA,0.343017222222222,0.332623980234632,0.345767555555556,0.0103932419875902,0.0383270135732343,0.0433264411803806,0
"139",2012-06-04,6,2012,NA,0.3546273,0.338302094853536,0.3409956,0.0163252051464643,0.0903434752968368,0.0351970675874919,0
"140",2012-06-05,6,2012,NA,0.3429679375,0.365249076671665,0.357597125,-0.0222811391716652,0.174353015663551,0.0441467037519701,0
"141",2012-06-06,6,2012,NA,0.381767647058824,0.350278065745766,0.347278941176471,0.0314895813130578,0.103792690274983,0.0423786317895325,0
"142",2012-06-12,6,2012,NA,0.354603,0.193951838067423,0.223390666666667,0.160651161932577,0.0494737014023936,0.0591518308431697,0
"143",2012-06-13,6,2012,NA,0.1382327375,0.172275306252273,0.195546875,-0.0340425687522727,0.042242394847035,0.0631817685870612,0
"144",2012-06-14,6,2012,NA,0.183276283333333,0.209057035623056,0.194929166666667,-0.0257807522897225,0.0398584704293182,0.0676302433808599,0
"145",2012-06-15,6,2012,NA,0.415342,0.212916432897386,0.204219125,0.202425567102614,0.18249286190666,0.0735609231221982,0
"146",2012-06-16,6,2012,NA,-0.0111378,0.256025064811551,0.224992333333333,-0.267162864811551,0.0711835812551898,0.0772936153039007,0
"147",2012-06-17,6,2012,NA,0.4644496,0.267965722734805,0.215738428571429,0.196483877265195,0.082768324654958,0.094145966743933,0
"148",2012-06-18,6,2012,NA,0.349577571428571,0.270133833907663,0.205302285714286,0.0794437375209084,0.104008574279965,0.176031276894602,0
"149",2012-06-19,6,2012,NA,0.2558088,0.298027259655027,0.2040911,-0.0422184596550272,0.118929588391359,0.207910358109975,0
"150",2012-06-21,6,2012,NA,0.445262857142857,1.19187313539971,1.24441571428571,-0.746610278256853,0.178015403337589,0.182851892527295,0
"151",2012-06-22,6,2012,NA,-0.262597666666667,2.19486461578285,2.00763777777778,-2.45746228244951,0.180046949904378,0.16663670498308,0
"152",2012-06-23,6,2012,NA,0.435035777777778,2.98689670313228,2.76412444444444,-2.5518609253545,0.0509120485875534,0.245582299258654,0
"153",2012-06-24,6,2012,8.50736981355122,8.7712625,2.66651665503506,3.44885875,6.10474584496494,0.0326351142239397,0.233079199009552,0.0095
"154",2012-06-26,6,2012,NA,4.58271555555556,4.30292370584504,3.83279388888889,0.279791849710517,0.771617790445351,0.255572858848007,0
"155",2012-06-27,6,2012,NA,3.71596904761905,4.99195638190436,3.97485619047619,-1.27598733428531,0.682920685382526,0.285104729436937,0
"156",2012-06-28,6,2012,NA,3.242123,3.97424105245484,3.9749585,-0.732118052454838,0.492454041414387,0.28918528401758,0
"157",2012-06-29,6,2012,NA,2.95864523809524,2.75495767031011,3.53460476190476,0.203687567785123,0.571832316228395,0.246278946380439,0
"158",2012-06-30,6.66666666666667,2012,NA,2.85666857142857,2.5493988210463,3.09875476190476,0.30726975038227,0.461054457017795,0.302156781095308,0
"159",2012-07-01,7,2012,NA,2.48885714285714,2.43801558733432,2.67859285714286,0.0508415555228212,0.444369289667181,0.298279351543945,0
"160",2012-07-02,7,2012,NA,2.16859125,2.22704247381646,2.47669,-0.0584512238164598,0.44483741778079,0.287923367383169,0.0065
"161",2012-07-03,7,2012,NA,2.54299611111111,2.11395087294865,2.55639555555556,0.429045238162463,0.502040903020674,0.211810590943003,0
"162",2012-07-04,7,2012,NA,2.06707631578947,2.96208733791939,2.57886315789474,-0.895011022129917,0.440086064742078,0.177717171065721,0
"163",2012-07-05,7,2012,NA,1.681764,3.63343267830602,2.6395225,-1.95166867830602,0.321194503631271,0.21145422533859,0
"164",2012-07-07,7,2012,5.87108736620551,5.318718,4.11160704211873,3.006194,1.20711095788127,0.799899506236633,0.258985229899325,0.218333333333333
"165",2012-07-09,7,2012,4.80338354555301,6.244502,3.79618675323489,3.316591,2.44831524676511,0.941322598426236,0.209202863252838,0.028625
"166",2012-07-10,7,2012,NA,3.34346857142857,3.41469973616588,3.39478666666667,-0.0712311647373061,0.73881966689129,0.266172105756667,0
"167",2012-07-11,7,2012,NA,3.440177,3.72546794016433,3.659373,-0.285290940164326,0.641698377555325,0.307006062513393,0
"168",2012-07-12,7,2012,NA,3.07616285714286,3.22524352152104,3.39167857142857,-0.149080664378181,0.716185435610838,0.316238601733753,0.029125
"169",2012-07-13,7,2012,NA,3.20718380952381,3.35683295592003,3.29056095238095,-0.149649146396224,0.640203578498519,0.29415960136475,0.044375
"170",2012-07-14,7,2012,NA,2.90060947368421,3.60596627912168,3.40043157894737,-0.705356805437467,0.543078409243595,0.283485047141998,0.001375
"171",2012-07-15,7,2012,NA,2.861299375,4.11012305182927,3.649011875,-1.24882367682927,0.598754099213281,0.308354402038437,0
"172",2012-07-16,7,2012,NA,3.07002875,5.03774685110266,3.9538475,-1.96771810110266,0.61205922049905,0.242740158270615,0.0046875
"173",2012-07-17,7,2012,5.62938222413089,5.66624444444444,4.31650699115753,4.09175222222222,1.34973745328691,0.883857575642174,0.300313306848462,0.00766666666666667
"174",2012-07-18,7,2012,NA,5.09069944444444,4.83675417323669,4.34047888888889,0.253945271207755,0.786037637184464,0.4046052417769,0.0213958333333333
"175",2012-07-19,7,2012,NA,4.73361210526316,5.19779203229461,4.57024,-0.464179927031449,0.660652907892912,0.483509327311324,0.0582708333333333
"176",2012-07-21,7,2012,6.13448526548,5.43869666666667,4.43977566600199,5.03256,0.99892100066468,0.812075867635902,0.26658480227828,0.0805416666666667
"177",2012-07-22,7,2012,NA,5.49567,4.92082903219183,5.22092210526316,0.574840967808166,0.781963798494193,0.33887203783053,0.0402083333333333
"178",2012-07-23,7,2012,NA,4.89386727272727,4.83939111110913,5.25291545454545,0.0544761616181422,0.724482162782198,0.311034223726257,0.0995416666666667
"179",2012-07-24,7,2012,NA,5.24874,5.42806281910815,5.40583307692308,-0.179322819108151,0.744964622940021,0.379430613477699,0.00395833333333333
"180",2012-07-25,7,2012,NA,5.60759909090909,5.74504944990963,5.55308,-0.137450359000539,0.756963254922333,0.474702367485492,0
"181",2012-07-26,7,2012,NA,5.07434571428571,6.09576084129417,5.62087428571429,-1.02141512700846,0.703978092485989,0.430302796569757,0.010875
"182",2012-07-27,7,2012,NA,5.28447333333333,6.14277433767949,5.6553975,-0.858301004346157,0.754379702067805,0.330068725748383,0.0228958333333333
"183",2012-07-28,7,2012,6.81707624107945,6.59824789473684,5.30162719433866,5.63444421052632,1.29662070039818,0.845775371353752,0.360459286644703,0.0156041666666667
"184",2012-07-29,7,2012,NA,5.96501375,5.49541742265088,5.6687075,0.469596327349118,0.829369613837288,0.340848386500863,0
"185",2012-07-30,7,2012,NA,6.07281714285714,5.86142436270197,5.77199571428571,0.21139278015517,0.803537131421547,0.347772740107927,0.024125
"186",2012-07-31,7.52941176470588,2012,NA,5.49525411764706,6.05046270427821,5.77017941176471,-0.555208586631151,0.795084519758218,0.367576554382333,0.07475
"187",2012-08-02,8,2012,NA,5.97635882352941,5.56410590577637,5.76712882352941,0.412252917753043,0.778286732889782,0.339132505231199,0.00583333333333333
"188",2012-08-03,8,2012,NA,5.25987388888889,5.74821905866659,5.71980222222222,-0.488345169777697,0.680716026957776,0.351204277406137,0.0513125
"189",2012-08-05,8,2012,7.13772026618253,6.823466,5.75964621914952,5.801512,1.06381978085048,0.871600736960975,0.365738188439266,0.003625
"190",2012-08-06,8,2012,NA,6.30638625,5.95245509821931,5.73277875,0.353931151780688,0.820131169471105,0.361705892785065,0.007
"191",2012-08-07,8,2012,7.45133545922774,6.83933818181818,5.69777675230641,5.81168136363636,1.14156142951177,0.801012721367546,0.366107936344449,0.0155
"192",2012-08-08,8,2012,7.19982994129994,6.46384454545455,5.47751164008314,5.66895090909091,0.986332905371401,0.806885659680586,0.355624190018268,0
"193",2012-08-09,8,2012,NA,3.85902315789474,5.23999661240659,5.66187736842105,-1.38097345451186,0.801380139876281,0.312556901229947,0.001375
"194",2012-08-10,8,2012,NA,4.75064777777778,5.8401560303294,5.94878222222222,-1.08950825255162,0.582850326108758,0.350857433214028,0.004125
"195",2012-08-23,8,2012,6.21683261041039,7.6041825,4.62007466047457,6.68606,2.98410783952543,0.830489968939915,0.39797675552046,0.00125
"196",2012-08-31,8,2012,NA,4.99592875,5.07506323551283,5.55031375,-0.0791344855128253,0.70186166547118,0.413292665244852,0.0611458333333333
"197",2012-09-01,9,2012,NA,4.44234375,5.66286821449497,5.38294875,-1.22052446449497,0.632404303879322,0.380111092538242,0.0883125
"198",2012-09-02,9,2012,6.45325355514888,8.11601666666667,5.21490438628489,5.53505333333333,2.90111228038177,0.642452359715884,0.333219826974004,0.285708333333333
"199",2012-09-05,9,2012,7.8358924398642,7.56598545454545,6.48390336380077,6.22762,1.08208209074468,0.746448274294642,0.403881675828948,0.212083333333333
"200",2012-09-06,9,2012,NA,5.24304307692308,6.56839000171187,6.46434076923077,-1.32534692478879,0.810507265742842,0.415028336530792,0.0494375
"201",2012-09-07,9,2012,7.17615064742674,6.29430375,5.7816859582978,6.5371475,0.512617791702197,0.785319216175021,0.355259411101116,0.196729166666667
"202",2012-09-08,9,2012,7.46570453862179,7.97801,6.06819401103727,6.561635,1.90981598896273,0.788106571107398,0.406778823086759,0.00264583333333333
"203",2012-09-09,9,2012,7.55936072047048,7.31985578947368,6.18009137261714,6.54429210526316,1.13976441685655,0.771413419767438,0.394907610815041,0.029125
"204",2012-09-11,9,2012,6.69247608506362,6.264078,5.37481203987626,6.377638,0.88926596012374,0.715036219613568,0.395563480996144,0
"205",2012-09-12,9,2012,6.36758206156304,5.92864722222222,4.97732280933452,5.94743888888889,0.951324412887707,0.781470671526934,0.411038738423638,0.1655
"206",2012-09-13,9,2012,6.22235084380751,5.63134863636364,4.86728820775486,5.48529636363636,0.764060428608776,0.749260998186877,0.435944874342148,0
"207",2012-09-15,9,2012,NA,4.37181928571429,4.61615511183861,4.65215928571429,-0.244335826124329,0.645500776297203,0.401182098263117,0.0165
"208",2012-09-16,9,2012,NA,3.99597578947368,4.56687414588836,4.46886263157895,-0.570898356414673,0.555009318125931,0.426372827758298,0
"209",2012-09-17,9,2012,NA,3.52657,4.52113306310465,4.32992666666667,-0.994563063104653,0.520339650139602,0.474927854889927,0
"210",2012-09-19,9,2012,4.86932930575123,7.812438,3.52455333381319,4.06582,4.28788466618681,0.739847306562812,0.342804992198122,0.0768541666666667
"211",2012-09-20,9,2012,4.81255642056431,4.55507944444444,3.57766670172469,3.99838277777778,0.977412742719755,0.63928649414903,0.410006341862543,0.0731666666666667
"212",2012-09-22,9,2012,NA,3.82570666666667,4.03545714507703,4.21119,-0.209750478410367,0.481356084165467,0.293999106511735,0.162020833333333
"213",2012-09-23,9,2012,NA,3.01246166666667,4.44804845936515,4.32253666666667,-1.43558679269849,0.413927556511055,0.289566532117525,0.0541041666666667
"214",2012-09-24,9,2012,NA,3.04865285714286,4.95937867026968,4.39765285714286,-1.91072581312682,0.569211775962403,0.299388474989663,0.143895833333333
"215",2012-09-27,9,2012,NA,5.064931,5.23175447409449,4.67842,-0.166823474094489,0.763799338516031,0.331167829716605,0.0822291666666667
"216",2012-09-28,9,2012,6.28863626209289,5.79414666666667,4.93739060792003,4.78187,0.856756058746633,0.745767942522705,0.260220293301667,0
"217",2012-10-01,10,2012,NA,5.56289222222222,5.65191883998714,5.54615555555556,-0.0890266177649206,0.778498518226144,0.269609072709399,0.0225
"218",2012-10-06,10,2012,5.71297699549618,5.07807111111111,4.37372296359251,4.743165,0.704348147518604,0.734793983146108,0.236078191447067,0.015
"219",2012-10-07,10,2012,NA,4.69113166666667,4.69314224825894,4.54508083333333,-0.00201058159227507,0.758839950961507,0.236824819543071,0
"220",2012-10-08,10,2012,NA,4.17235076923077,5.0633556218573,4.80000769230769,-0.891004852626532,0.707876510166485,0.225094713922032,0
"221",2012-10-09,10,2012,NA,4.16479625,5.49475453820307,5.09613375,-1.32995828820307,0.627637913535427,0.224944072593601,0
"222",2012-10-12,10,2012,6.67512170105092,6.42966666666667,5.29997218582587,5.34623,1.12969448084079,0.767643214628683,0.22748839339209,0
"223",2012-10-13,10,2012,NA,5.79731318181818,5.67460496869539,5.51845318181818,0.122708213122791,0.77552936784202,0.241619193143483,0
"224",2012-10-14,10,2012,NA,5.16181466666667,5.05156349523023,5.26598066666667,0.11025117143644,0.791738566030029,0.216316219020183,0
"225",2012-10-15,10,2012,NA,4.80836,4.66547166743025,4.65098555555556,0.142888332569747,0.720880618949667,0.227367218831333,0
"226",2012-10-17,10,2012,NA,4.5039525,4.43114613271091,4.014565,0.0728063672890871,0.7181343086068,0.233552154998276,0
"227",2012-10-19,10,2012,NA,2.45653,3.33485049154822,3.020328,-0.878320491548222,0.511912809772942,0.245807512771298,0
"228",2012-10-20,10,2012,NA,2.7972442,3.19013331923253,2.71525,-0.39288911923253,0.450884357255373,0.249025511712921,0.007
"229",2012-10-22,10,2012,NA,2.211524,2.65220510641429,2.357046,-0.440681106414288,0.39588233766457,0.221392979778747,0.149625
"230",2012-10-27,10,2012,NA,1.368442,1.56372680209917,1.403996,-0.195284802099166,0.239463482976787,0.0653136164762627,0
"231",2012-10-28,10,2012,NA,1.25635,1.49293657024973,1.386118,-0.236586570249728,0.270336293188553,0.0929952640656978,0
"232",2012-10-29,10,2012,NA,0.910199333333333,1.02498452528807,1.18584666666667,-0.114785191954733,0.304470535742218,0.0648447934723873,0
"233",2012-10-30,10,2012,NA,1.04794946153846,1.12374107992603,1.12962230769231,-0.07579161838757,0.268412606683688,0.0623020400544944,0
"234",2012-10-31,10,2012,NA,1.13740788888889,1.11063862885821,1.08816666666667,0.0267692600306835,0.176956370922562,0.064807500252082,0
"235",2012-11-01,11,2012,NA,0.834539272727273,0.922539958559662,1.02309831818182,-0.0880006858323897,0.163645559623963,0.0656808785540572,0
"236",2012-11-03,11,2012,1.76848481783358,1.70203285714286,1.03119118143296,0.971140714285714,0.670841675709899,0.183918648826599,0.0554591711806819,0
"237",2012-11-04,11,2012,NA,0.8054531875,1.0347981425404,0.9732138125,-0.229344955040396,0.27904843621653,0.0630143526190454,0
"238",2012-11-05,11,2012,1.65478441533739,1.757992625,0.872680065943386,0.907028,0.885312559056614,0.224926523573395,0.0593658758023784,0
"239",2012-11-06,11,2012,NA,0.880528,0.881902841062752,0.919973666666667,-0.00137484106275187,0.263164922090769,0.0497601821320706,0
"240",2012-11-07,11,2012,NA,0.731757590909091,0.756575326829923,0.845703136363636,-0.024817735920832,0.224428269523882,0.0474182958426547,0
"241",2012-11-08,11,2012,NA,0.7073735,0.76027871498085,0.8153601875,-0.0529052149808497,0.14662445214988,0.0629395854980043,0
"242",2012-11-09,11,2012,NA,1.0185575,0.749041672994526,0.77809025,0.269515827005474,0.280859766454755,0.0532861315981455,0
"243",2012-11-12,11,2012,NA,0.659049857142857,0.67013540588186,0.669633142857143,-0.0110855487390032,0.150791458497305,0.0485836830484278,0
"244",2012-11-13,11,2012,NA,0.609029428571429,0.642594080423524,0.621831571428571,-0.033564651852095,0.156393268364899,0.051603757339643,0
"245",2012-11-14,11,2012,NA,0.599804071428571,0.629863499257049,0.592404357142857,-0.0300594278284771,0.198027205488685,0.0489743684918705,0
"246",2012-11-15,11,2012,NA,0.593650555555556,0.566831762579614,0.567284555555556,0.0268187929759413,0.125298156679645,0.0555665077984397,0
"247",2012-11-16,11,2012,NA,0.537501157894737,0.48844102771184,0.548768578947368,0.0490601301828968,0.175414275421424,0.0376610163111559,0
"248",2012-11-17,11,2012,NA,0.4643176,0.510054343932878,0.543331866666667,-0.0457367439328783,0.246934186866998,0.044829339389981,0
"249",2012-11-18,11,2012,NA,0.513809571428571,0.551011932409862,0.550626142857143,-0.037202360981291,0.137928283645721,0.0477649794068382,0
"250",2012-11-19,11,2012,NA,0.52418175,0.579173371752583,0.548318375,-0.0549916217525825,0.228918547293288,0.0393656935363291,0
"251",2012-11-20,11,2012,NA,0.605184875,0.571561983970345,0.53124175,0.033622891029655,0.157994360474214,0.0430203703665616,0
"252",2012-11-21,11,2012,NA,0.600183785714286,0.531685648061694,0.516931285714286,0.0684981376525917,0.188312037235091,0.0380083979037184,0
"253",2012-11-22,11,2012,NA,0.457309235294118,0.516372049796812,0.521172058823529,-0.0590628145026942,0.254359153834432,0.0368324371665412,0
"254",2012-11-23,11,2012,NA,0.452615,0.506124121556487,0.5083215,-0.0535091215564869,0.157418383646392,0.0308675708274793,0
"255",2012-11-24,11,2012,NA,0.606427529411765,0.475873724848545,0.490056,0.13055380456322,0.207347239299244,0.0435268978959648,0
"256",2012-11-25,11,2012,NA,0.551473526315789,0.487806734634786,0.483263631578947,0.0636667916810031,0.138054272224036,0.0288187518862063,0
"257",2012-11-26,11,2012,NA,0.371412705882353,0.447301220304019,0.438947529411765,-0.0758885144216657,0.158453760814563,0.0346983425090075,0
"258",2012-11-27,11,2012,NA,0.4224268125,0.442646761308663,0.428359625,-0.0202199488086632,0.191680145236381,0.0285792183015536,0
"259",2012-12-20,12,2012,NA,0.643181,0.634710754355483,0.752250166666667,0.00847024564451682,0.164570846907085,0.0338514660580274,0
"260",2012-12-26,12,2012,NA,0.688708,0.667408149120711,0.6666640625,0.021299850879289,0.146794747091197,0.0318991266119078,0
"261",2012-12-30,12,2012,NA,0.65249547826087,0.695167727115353,0.665851391304348,-0.0426722488544837,0.220123154123287,0.0431179063110746,0
"262",2012-12-31,3.2,2012,NA,0.889579733333333,0.775266100350773,0.964597066666667,0.114313632982561,0.130592782995808,0.040229231042338,0
"263",2013-01-03,1,2013,NA,0.891112285714286,0.700605345943706,1.16894857142857,0.19050693977058,0.207503131851593,0.0325005029673821,0
"264",2013-01-04,1,2013,NA,0.4738225,0.707231544216029,1.14953833333333,-0.233409044216029,0.175670503181561,0.0326928637054682,0
"265",2013-07-07,7,2013,NA,3.46910476190476,3.2835253175995,3.05511714285714,0.185579444305261,0.623011252458237,0.124560308572142,0
"266",2013-07-08,7,2013,NA,3.2591105,3.15879497780415,3.034681,0.100315522195845,0.556137401590271,0.125475520554185,0
"267",2013-07-09,7,2013,NA,3.05004928571429,3.01109377995947,3.03258642857143,0.038955505754819,0.518341163172099,0.129869527297398,0.0105
"268",2013-07-10,7,2013,NA,2.61596857142857,2.80989094177334,2.8646880952381,-0.193922370344767,0.423131843835771,0.131185530784262,0.0225
"269",2013-07-11,7,2013,3.55597748870931,3.392126,2.62164673470407,2.720271,0.770479265295926,0.364234312190272,0.130766262600577,0
"270",2013-07-12,7,2013,NA,2.73594,2.45223442937924,2.630005,0.283705570620758,0.483589620988186,0.14865850881414,0
"271",2013-07-13,7,2013,NA,2.45748333333333,2.33234406342055,2.69238888888889,0.125139269912784,0.423386919402945,0.148821630504416,0
"272",2013-07-14,7,2013,NA,2.24455631578947,2.14431618498626,2.39788736842105,0.100240130803209,0.490083873495099,0.165388722766133,0.065
"273",2013-07-15,7,2013,NA,2.0283205,2.03429787329806,2.2829405,-0.00597737329806147,0.425779192521835,0.152811022803926,0
"274",2013-07-16,7,2013,NA,2.15435714285714,1.96960559718515,2.13655857142857,0.184751545671993,0.371240564277812,0.191090436846293,0
"275",2013-07-17,7,2013,2.76002631340416,2.40640125,1.84346410943901,1.8918675,0.562937140560989,0.347973681064325,0.158246011081183,0.0352916666666667
"276",2013-07-18,7,2013,NA,1.623228,1.79167242741017,1.890285,-0.168444427410166,0.244591377552163,0.176707081133181,0.00770833333333333
"277",2013-07-19,7,2013,NA,1.41664666666667,2.12462185700917,2.06656111111111,-0.707975190342507,0.265262972241407,0.197028219952112,0
"278",2013-07-20,7,2013,NA,1.41590333333333,2.44770820657509,2.26834333333333,-1.03180487324176,0.289655606034011,0.174961004613323,0.03025
"279",2013-07-22,7,2013,4.2698540624676,4.44312833333333,2.91200302395875,2.42509,1.53112530937458,0.751812764294331,0.21662701351488,0.0992916666666667
"280",2013-07-24,7,2013,NA,3.38472571428571,3.56272548540426,2.76114095238095,-0.177999771118541,0.613334133260448,0.172871369968907,0
"281",2013-07-25,7,2013,NA,2.98689705882353,3.56761773541479,2.95368941176471,-0.580720676591262,0.523242888063283,0.214047337252221,0
"282",2013-07-26,7,2013,NA,2.81392733333333,3.60678784172564,3.13665466666667,-0.792860508392303,0.530335962133082,0.221145524453532,0
"283",2013-07-27,7,2013,NA,2.91258272727273,3.65234523178553,3.37212363636364,-0.7397625045128,0.515731183238446,0.231149420341538,0.021
"284",2013-07-28,7,2013,4.79783029896291,4.4690205,3.43485525141704,3.322043,1.03416524858296,0.756501926924323,0.167239055514473,0.003125
"285",2013-07-29,7,2013,NA,3.40750142857143,3.05597079887583,3.32973238095238,0.351530629695601,0.759893392041343,0.199717488810258,0
"286",2013-07-30,7,2013,NA,2.80973368421053,3.10686222272401,3.63162631578947,-0.297128538513483,0.68588598482117,0.212281868212216,0
"287",2013-09-01,9,2013,NA,4.75238647058824,4.4758584433813,4.19959882352941,0.276528027206933,0.695386392298615,0.531467065115062,0
"288",2013-09-21,9,2013,NA,5.274999,4.93638933574474,5.5060305,0.338609664255261,0.796902353838441,0.442050046570984,0.0265
"289",2013-10-13,10,2013,NA,1.95776,1.6569556475536,2.11588,0.300804352446397,0.436277452176871,0.0934308712879753,0.004375
"290",2013-10-14,10,2013,NA,1.94323117647059,1.58571635518395,1.97048117647059,0.357514821286636,0.406525835040551,0.100722993679331,0.00975
"291",2013-10-15,10,2013,NA,1.560152,1.54762309125079,1.723187,0.0125289087492149,0.424704763906776,0.0939957403207701,0
"292",2013-10-16,10,2013,NA,1.16050222222222,1.50792764520636,1.53537333333333,-0.347425422984142,0.26284290051007,0.101110055533719,0.0075
"293",2013-10-20,10,2013,NA,1.29177485714286,1.22605001869395,1.12088285714286,0.0657248384489095,0.253401522258882,0.0741872488395747,0
"294",2013-10-21,10,2013,NA,0.962847166666667,1.02195291494933,1.06049916666667,-0.0591057482826609,0.259781947530401,0.0912739067722703,0
"295",2013-10-23,10,2013,NA,0.89675175,0.917375495981107,0.97703775,-0.0206237459811067,0.334267167667484,0.082328951600245,0.01375
"296",2013-10-25,10,2013,NA,1.0594644,0.800342240380655,0.8860268,0.259122159619345,0.197015706143359,0.0841383062571634,0
"297",2013-10-26,10,2013,NA,0.849441833333333,0.769098243386185,0.854553,0.0803435899471482,0.409636384233011,0.0660924253492929,0.00244897959183673
"298",2013-10-27,10,2013,NA,0.724756875,0.733933358587284,0.80570125,-0.00917648358728396,0.294417746055208,0.0892017353932557,0
"299",2013-10-28,10,2013,NA,0.680312666666667,0.708995030036405,0.745469333333333,-0.0286823633697383,0.1881126347299,0.0913993746128745,0.1005
"300",2013-10-29,10,2013,NA,0.5756325,0.680260540499809,0.69892625,-0.104628040499809,0.229531016645227,0.0847170411435251,0.00429166666666667
"301",2013-10-30,10,2013,NA,0.684932,0.650931751867272,0.613005,0.0340002481327284,0.16615105616396,0.0869184995402607,8.33333333333333e-05
"302",2013-10-31,11,2013,NA,0.9482034,0.620865472223607,0.5566966,0.327337927776393,0.338783117544665,0.0820793118535216,0.003875
"303",2013-11-01,11,2013,NA,0.451696284210526,0.591287207821461,0.506557578947368,-0.139590923610935,0.1761188195125,0.0812160822879931,0
"304",2013-11-02,11,2013,NA,0.54152188,0.586419833387269,0.47419108,-0.0448979533872689,0.159846677131209,0.0937724384029517,0
"305",2013-11-03,11,2013,NA,0.495938111111111,0.529403725379188,0.464731777777778,-0.0334656142680766,0.140714259090974,0.109794069304553,0
"306",2013-11-04,11,2013,NA,1.04293675,0.452403650780597,0.42466475,0.590533099219403,0.161577102739191,0.114668326673879,0
"307",2013-11-10,11,2013,NA,-0.098850375,0.038462883469419,0.2172965,-0.137313258469419,0.193010361328663,0.161166950910882,0
"308",2013-11-11,11,2013,NA,-0.8420105,0.0317314505195078,0.1910775,-0.873741950519508,0.202248512774088,0.171977845144039,0
"309",2013-11-12,11,2013,NA,0.83525075,0.0252201016387863,0.14864,0.810030648361214,0.223969887175961,0.156528168981469,0
"310",2013-11-15,11,2013,NA,0.811002333333333,0.00587915440668805,0.0541846666666667,0.805123178926645,0.255057180105746,0.140668852667231,0
"311",2013-11-16,11,2013,NA,-0.304483600833333,2.90499439415168e-06,0.0170301666666667,-0.304486505827727,0.202318536963664,0.132173589737199,0
"312",2013-11-18,11,2013,NA,0.027292922,2.81480500919224e-06,1e-06,0.0272901071949908,0.351281986591109,0.139231233899775,0
"313",2013-11-19,11,2013,NA,0.158295671428571,2.76881929525043e-06,1e-06,0.158292902609276,0.192316083484547,0.139291443755949,0
"314",2013-11-21,11,2013,NA,-2.4211575,2.68800422690135e-06,1e-06,-2.42116018800423,0.502668215188976,0.130613156091918,0.00675
"315",2013-11-22,11,2013,NA,-0.01527768,2.65508741027592e-06,0.0074574,-0.0152803350874103,0.271631077443005,0.118003270455773,0
"316",2013-11-24,11,2013,NA,-0.7903862,0.00218489090106213,0.0327478,-0.792571090901062,0.283928716614063,0.121089953741684,0
"317",2013-11-25,11,2013,NA,-0.169110233333333,0.0987566405536254,0.0443573333333333,-0.267866873886959,0.255891857683663,0.120000688136777,0
"318",2013-11-27,11,2013,NA,0.33651575,0.297300592640207,0.0727815,0.0392151573597933,0.188419049100711,0.100260643755845,0
"319",2013-11-29,11,2013,NA,0.326042,0.462952364665642,0.106352333333333,-0.136910364665642,0.204942541538075,0.114258660358336,0
"320",2013-11-30,11,2013,NA,0.85004725,0.522886681974762,0.118065,0.327160568025238,0.164672655027491,0.108903555064927,0
"321",2013-12-01,12,2013,NA,0.29847265,0.579216964214833,0.128252166666667,-0.280744314214833,0.15276877274855,0.106122525157987,0
"322",2013-12-02,12,2013,NA,1.20442928571429,0.646117259957435,0.113538714285714,0.558312025756851,0.191610537475513,0.103423265337755,0
"323",2013-12-03,12,2013,NA,0.27249632,0.751481391729842,0.11308,-0.478985071729842,0.141808540898319,0.0819873388790826,0
"324",2013-12-09,12,2013,NA,1.773214,1.45141280430111,0.0500108,0.321801195698892,0.106405124904459,0.0522725074511411,0
"325",2013-12-10,12,2013,NA,1.44858116666667,1.33805338603762,0.0459013333333333,0.110527780629043,0.103212605350519,0.0527921096200093,0
"326",2013-12-12,12,2013,NA,0.593007166666667,1.05540114964445,0.028375,-0.462393982977787,0.1027137450192,0.0589588298328623,0
"327",2013-12-13,12,2013,NA,0.725035111111111,0.921071209576093,0.0200355555555556,-0.196036098464982,0.0389124978486545,0.0719456892682821,0
"328",2013-12-15,12,2013,NA,0.781305833333333,0.665455681344344,0.00520525,0.11585015198899,0.127904080341589,0.0813175359225872,0
"329",2013-12-16,12,2013,NA,0.39178875,0.676282213740719,0.02790075,-0.284493463740719,0.12948350898756,0.0591140271783236,0
"330",2013-12-17,12,2013,NA,0.716103,0.714352412957058,0.319138,0.00175058704294195,0.159602557621896,0.0643116983754165,0
"331",2013-12-18,12,2013,NA,1.07597836363636,0.737794726767913,0.576661636363636,0.33818363686845,0.462510018266626,0.0495249647962508,0
"332",2013-12-19,12,2013,NA,0.571705428571429,0.740955930183263,0.664571,-0.169250501611834,0.197846401811091,0.0505897402414939,0
"333",2013-12-20,12,2013,NA,0.771545714285714,0.757900139368333,0.680033285714286,0.0136455749173815,0.110803508510156,0.0584471552874836,0
"334",2013-12-22,12,2013,NA,0.848729545454545,0.778482533411266,0.702477681818182,0.0702470120432792,0.112949775995362,0.0467503607310104,0
"335",2013-12-23,12,2013,NA,0.58150425,0.615874583627227,0.670156375,-0.0343703336272274,0.0897554718034894,0.0469148267097809,0
"336",2013-12-24,12,2013,NA,0.614257666666667,0.465600663826624,0.6660475,0.148657002840042,0.0959979153109606,0.0490173734082361,0
"337",2013-12-25,12,2013,NA,0.415790761904762,0.522960725483372,0.709441857142857,-0.10716996357861,0.101190649280457,0.0456362278322836,0
"338",2013-12-28,12,2013,NA,0.357215333333333,0.724062111881055,0.642084833333333,-0.366846778547721,0.117408662321447,0.0634865624208535,0
"339",2013-12-29,12,2013,NA,0.5652786,0.784805979637235,0.636251,-0.219527379637235,0.103163010824402,0.0539622361854403,0
"340",2013-12-30,12,2013,NA,0.6186218,0.849101664035525,0.6173606,-0.230479864035525,0.0857005858621774,0.0538013276575782,0
